<?xml version="1.0" encoding="UTF-8" standalone="yes"?>
<listaApps>
    <listaApps>
        <App>
            <codigo>0</codigo>
            <descripcion>app de imagenes</descripcion>
            <nombre>app0w</nombre>
            <numDescargas>44069</numDescargas>
            <tamanyo>657.4438523513069</tamanyo>
        </App>
        <App>
            <codigo>1</codigo>
            <descripcion>app de imagenes</descripcion>
            <nombre>app1w</nombre>
            <numDescargas>10337</numDescargas>
            <tamanyo>468.1631514276849</tamanyo>
        </App>
        <App>
            <codigo>2</codigo>
            <descripcion>app de musica</descripcion>
            <nombre>app2A</nombre>
            <numDescargas>3396</numDescargas>
            <tamanyo>652.3530163177783</tamanyo>
        </App>
        <App>
            <codigo>3</codigo>
            <descripcion>app de calculadora</descripcion>
            <nombre>app3J</nombre>
            <numDescargas>23040</numDescargas>
            <tamanyo>602.4203237654506</tamanyo>
        </App>
        <App>
            <codigo>4</codigo>
            <descripcion>app de citas</descripcion>
            <nombre>app4B</nombre>
            <numDescargas>44587</numDescargas>
            <tamanyo>296.4045771171411</tamanyo>
        </App>
        <App>
            <codigo>5</codigo>
            <descripcion>app de imagenes</descripcion>
            <nombre>app5z</nombre>
            <numDescargas>22597</numDescargas>
            <tamanyo>763.6571675821606</tamanyo>
        </App>
        <App>
            <codigo>6</codigo>
            <descripcion>app de citas</descripcion>
            <nombre>app6i</nombre>
            <numDescargas>7207</numDescargas>
            <tamanyo>1007.1929225697818</tamanyo>
        </App>
        <App>
            <codigo>7</codigo>
            <descripcion>app de edicion</descripcion>
            <nombre>app7Q</nombre>
            <numDescargas>34897</numDescargas>
            <tamanyo>496.88446383925066</tamanyo>
        </App>
        <App>
            <codigo>8</codigo>
            <descripcion>app de calendario</descripcion>
            <nombre>app8J</nombre>
            <numDescargas>19272</numDescargas>
            <tamanyo>441.1881673603173</tamanyo>
        </App>
        <App>
            <codigo>9</codigo>
            <descripcion>app de juego</descripcion>
            <nombre>app9I</nombre>
            <numDescargas>36166</numDescargas>
            <tamanyo>593.9178756066293</tamanyo>
        </App>
        <App>
            <codigo>10</codigo>
            <descripcion>app de calculadora</descripcion>
            <nombre>app10N</nombre>
            <numDescargas>21179</numDescargas>
            <tamanyo>968.512358764566</tamanyo>
        </App>
        <App>
            <codigo>11</codigo>
            <descripcion>app de imagenes</descripcion>
            <nombre>app11U</nombre>
            <numDescargas>8768</numDescargas>
            <tamanyo>816.5529148177019</tamanyo>
        </App>
        <App>
            <codigo>12</codigo>
            <descripcion>app de imagenes</descripcion>
            <nombre>app12x</nombre>
            <numDescargas>19080</numDescargas>
            <tamanyo>588.8237507665319</tamanyo>
        </App>
        <App>
            <codigo>13</codigo>
            <descripcion>app de redes sociales</descripcion>
            <nombre>app13F</nombre>
            <numDescargas>30377</numDescargas>
            <tamanyo>768.3115927282445</tamanyo>
        </App>
        <App>
            <codigo>14</codigo>
            <descripcion>app de edicion</descripcion>
            <nombre>app14u</nombre>
            <numDescargas>29167</numDescargas>
            <tamanyo>482.47623808896384</tamanyo>
        </App>
        <App>
            <codigo>15</codigo>
            <descripcion>app de imagenes</descripcion>
            <nombre>app15W</nombre>
            <numDescargas>43275</numDescargas>
            <tamanyo>523.9123484568784</tamanyo>
        </App>
        <App>
            <codigo>16</codigo>
            <descripcion>app de juego</descripcion>
            <nombre>app16H</nombre>
            <numDescargas>9623</numDescargas>
            <tamanyo>205.2089289105623</tamanyo>
        </App>
        <App>
            <codigo>17</codigo>
            <descripcion>app de calculadora</descripcion>
            <nombre>app17n</nombre>
            <numDescargas>26248</numDescargas>
            <tamanyo>820.5228430393745</tamanyo>
        </App>
        <App>
            <codigo>18</codigo>
            <descripcion>app de edicion</descripcion>
            <nombre>app18s</nombre>
            <numDescargas>12139</numDescargas>
            <tamanyo>933.9160303502673</tamanyo>
        </App>
        <App>
            <codigo>19</codigo>
            <descripcion>app de edicion</descripcion>
            <nombre>app19e</nombre>
            <numDescargas>44521</numDescargas>
            <tamanyo>302.57793048189467</tamanyo>
        </App>
        <App>
            <codigo>20</codigo>
            <descripcion>app de edicion</descripcion>
            <nombre>app20e</nombre>
            <numDescargas>10805</numDescargas>
            <tamanyo>1010.2244458558265</tamanyo>
        </App>
        <App>
            <codigo>21</codigo>
            <descripcion>app de contactos</descripcion>
            <nombre>app21u</nombre>
            <numDescargas>43109</numDescargas>
            <tamanyo>250.09924289407562</tamanyo>
        </App>
        <App>
            <codigo>22</codigo>
            <descripcion>app de redes sociales</descripcion>
            <nombre>app22W</nombre>
            <numDescargas>7224</numDescargas>
            <tamanyo>812.1728117425479</tamanyo>
        </App>
        <App>
            <codigo>23</codigo>
            <descripcion>app de musica</descripcion>
            <nombre>app23l</nombre>
            <numDescargas>22749</numDescargas>
            <tamanyo>203.85682348665824</tamanyo>
        </App>
        <App>
            <codigo>24</codigo>
            <descripcion>app de calculadora</descripcion>
            <nombre>app24V</nombre>
            <numDescargas>39022</numDescargas>
            <tamanyo>827.7857283186614</tamanyo>
        </App>
        <App>
            <codigo>25</codigo>
            <descripcion>app de calendario</descripcion>
            <nombre>app25Q</nombre>
            <numDescargas>47153</numDescargas>
            <tamanyo>498.616922557651</tamanyo>
        </App>
        <App>
            <codigo>26</codigo>
            <descripcion>app de edicion</descripcion>
            <nombre>app26W</nombre>
            <numDescargas>25451</numDescargas>
            <tamanyo>277.8954284429839</tamanyo>
        </App>
        <App>
            <codigo>27</codigo>
            <descripcion>app de imagenes</descripcion>
            <nombre>app27z</nombre>
            <numDescargas>29439</numDescargas>
            <tamanyo>555.6771087651598</tamanyo>
        </App>
        <App>
            <codigo>28</codigo>
            <descripcion>app de calendario</descripcion>
            <nombre>app28l</nombre>
            <numDescargas>9496</numDescargas>
            <tamanyo>902.7945633735769</tamanyo>
        </App>
        <App>
            <codigo>29</codigo>
            <descripcion>app de redes sociales</descripcion>
            <nombre>app29F</nombre>
            <numDescargas>22384</numDescargas>
            <tamanyo>987.8645057826717</tamanyo>
        </App>
        <App>
            <codigo>30</codigo>
            <descripcion>app de imagenes</descripcion>
            <nombre>app30X</nombre>
            <numDescargas>9005</numDescargas>
            <tamanyo>871.0834161310989</tamanyo>
        </App>
        <App>
            <codigo>31</codigo>
            <descripcion>app de juego</descripcion>
            <nombre>app31N</nombre>
            <numDescargas>42956</numDescargas>
            <tamanyo>317.05422005020046</tamanyo>
        </App>
        <App>
            <codigo>32</codigo>
            <descripcion>app de calculadora</descripcion>
            <nombre>app32R</nombre>
            <numDescargas>47249</numDescargas>
            <tamanyo>868.7726470726195</tamanyo>
        </App>
        <App>
            <codigo>33</codigo>
            <descripcion>app de imagenes</descripcion>
            <nombre>app33O</nombre>
            <numDescargas>42401</numDescargas>
            <tamanyo>783.7554211937559</tamanyo>
        </App>
        <App>
            <codigo>34</codigo>
            <descripcion>app de edicion</descripcion>
            <nombre>app34l</nombre>
            <numDescargas>42734</numDescargas>
            <tamanyo>739.5338355653481</tamanyo>
        </App>
        <App>
            <codigo>35</codigo>
            <descripcion>app de edicion</descripcion>
            <nombre>app35p</nombre>
            <numDescargas>46306</numDescargas>
            <tamanyo>896.4054119446894</tamanyo>
        </App>
        <App>
            <codigo>36</codigo>
            <descripcion>app de redes sociales</descripcion>
            <nombre>app36T</nombre>
            <numDescargas>38434</numDescargas>
            <tamanyo>414.3780711628073</tamanyo>
        </App>
        <App>
            <codigo>37</codigo>
            <descripcion>app de contactos</descripcion>
            <nombre>app37u</nombre>
            <numDescargas>28921</numDescargas>
            <tamanyo>568.1989798311317</tamanyo>
        </App>
        <App>
            <codigo>38</codigo>
            <descripcion>app de calendario</descripcion>
            <nombre>app38H</nombre>
            <numDescargas>10190</numDescargas>
            <tamanyo>272.09634388494624</tamanyo>
        </App>
        <App>
            <codigo>39</codigo>
            <descripcion>app de redes sociales</descripcion>
            <nombre>app39Q</nombre>
            <numDescargas>17221</numDescargas>
            <tamanyo>167.61604662565654</tamanyo>
        </App>
        <App>
            <codigo>40</codigo>
            <descripcion>app de redes sociales</descripcion>
            <nombre>app40g</nombre>
            <numDescargas>8358</numDescargas>
            <tamanyo>500.0957737682645</tamanyo>
        </App>
        <App>
            <codigo>41</codigo>
            <descripcion>app de redes sociales</descripcion>
            <nombre>app41v</nombre>
            <numDescargas>34560</numDescargas>
            <tamanyo>205.5151690964388</tamanyo>
        </App>
        <App>
            <codigo>42</codigo>
            <descripcion>app de musica</descripcion>
            <nombre>app42k</nombre>
            <numDescargas>29894</numDescargas>
            <tamanyo>802.1182263499054</tamanyo>
        </App>
        <App>
            <codigo>43</codigo>
            <descripcion>app de juego</descripcion>
            <nombre>app43L</nombre>
            <numDescargas>7413</numDescargas>
            <tamanyo>830.7818916506528</tamanyo>
        </App>
        <App>
            <codigo>44</codigo>
            <descripcion>app de imagenes</descripcion>
            <nombre>app44n</nombre>
            <numDescargas>24146</numDescargas>
            <tamanyo>111.24394786466047</tamanyo>
        </App>
        <App>
            <codigo>45</codigo>
            <descripcion>app de calendario</descripcion>
            <nombre>app45s</nombre>
            <numDescargas>36226</numDescargas>
            <tamanyo>583.678703463496</tamanyo>
        </App>
        <App>
            <codigo>46</codigo>
            <descripcion>app de imagenes</descripcion>
            <nombre>app46a</nombre>
            <numDescargas>49822</numDescargas>
            <tamanyo>273.0098540222865</tamanyo>
        </App>
        <App>
            <codigo>47</codigo>
            <descripcion>app de redes sociales</descripcion>
            <nombre>app47n</nombre>
            <numDescargas>29411</numDescargas>
            <tamanyo>196.88259581477826</tamanyo>
        </App>
        <App>
            <codigo>48</codigo>
            <descripcion>app de calendario</descripcion>
            <nombre>app48o</nombre>
            <numDescargas>26624</numDescargas>
            <tamanyo>356.5181930975956</tamanyo>
        </App>
        <App>
            <codigo>49</codigo>
            <descripcion>app de citas</descripcion>
            <nombre>app49L</nombre>
            <numDescargas>3268</numDescargas>
            <tamanyo>198.33357679026574</tamanyo>
        </App>
    </listaApps>
</listaApps>
