[ {
  "codigo" : 0,
  "numDescargas" : 47680,
  "nombre" : "app0V",
  "descripcion" : "app de calculadora",
  "tamanyo" : 145.36394145855158
}, {
  "codigo" : 1,
  "numDescargas" : 35890,
  "nombre" : "app1c",
  "descripcion" : "app de imagenes",
  "tamanyo" : 753.2515344455685
}, {
  "codigo" : 2,
  "numDescargas" : 295,
  "nombre" : "app2Z",
  "descripcion" : "app de calendario",
  "tamanyo" : 794.2840791844309
}, {
  "codigo" : 3,
  "numDescargas" : 48839,
  "nombre" : "app3h",
  "descripcion" : "app de juego",
  "tamanyo" : 217.62756101130026
}, {
  "codigo" : 4,
  "numDescargas" : 42952,
  "nombre" : "app4y",
  "descripcion" : "app de juego",
  "tamanyo" : 586.1524644575625
}, {
  "codigo" : 5,
  "numDescargas" : 44551,
  "nombre" : "app5b",
  "descripcion" : "app de imagenes",
  "tamanyo" : 159.99165197343143
}, {
  "codigo" : 6,
  "numDescargas" : 24783,
  "nombre" : "app6R",
  "descripcion" : "app de calendario",
  "tamanyo" : 389.5862596872791
}, {
  "codigo" : 7,
  "numDescargas" : 7363,
  "nombre" : "app7D",
  "descripcion" : "app de redes sociales",
  "tamanyo" : 168.3002037603381
}, {
  "codigo" : 8,
  "numDescargas" : 48903,
  "nombre" : "app8U",
  "descripcion" : "app de citas",
  "tamanyo" : 699.9328806882926
}, {
  "codigo" : 9,
  "numDescargas" : 5303,
  "nombre" : "app9g",
  "descripcion" : "app de calendario",
  "tamanyo" : 275.7426908856324
}, {
  "codigo" : 10,
  "numDescargas" : 24639,
  "nombre" : "app10l",
  "descripcion" : "app de contactos",
  "tamanyo" : 287.8371956889062
}, {
  "codigo" : 11,
  "numDescargas" : 42837,
  "nombre" : "app11e",
  "descripcion" : "app de redes sociales",
  "tamanyo" : 323.5077295904515
}, {
  "codigo" : 12,
  "numDescargas" : 16159,
  "nombre" : "app12T",
  "descripcion" : "app de contactos",
  "tamanyo" : 913.8845750283556
}, {
  "codigo" : 13,
  "numDescargas" : 4877,
  "nombre" : "app13I",
  "descripcion" : "app de juego",
  "tamanyo" : 532.1733965820181
}, {
  "codigo" : 14,
  "numDescargas" : 21136,
  "nombre" : "app14j",
  "descripcion" : "app de musica",
  "tamanyo" : 437.82517045865836
}, {
  "codigo" : 15,
  "numDescargas" : 48584,
  "nombre" : "app15k",
  "descripcion" : "app de edicion",
  "tamanyo" : 632.1588187708135
}, {
  "codigo" : 16,
  "numDescargas" : 44888,
  "nombre" : "app16x",
  "descripcion" : "app de redes sociales",
  "tamanyo" : 363.05787892937633
}, {
  "codigo" : 17,
  "numDescargas" : 13313,
  "nombre" : "app17I",
  "descripcion" : "app de citas",
  "tamanyo" : 336.0269736003157
}, {
  "codigo" : 18,
  "numDescargas" : 44486,
  "nombre" : "app18k",
  "descripcion" : "app de calculadora",
  "tamanyo" : 244.40476106678227
}, {
  "codigo" : 19,
  "numDescargas" : 2766,
  "nombre" : "app19U",
  "descripcion" : "app de calendario",
  "tamanyo" : 642.4520502020517
}, {
  "codigo" : 20,
  "numDescargas" : 46381,
  "nombre" : "app20w",
  "descripcion" : "app de edicion",
  "tamanyo" : 607.266705559447
}, {
  "codigo" : 21,
  "numDescargas" : 34169,
  "nombre" : "app21r",
  "descripcion" : "app de imagenes",
  "tamanyo" : 956.1050021830292
}, {
  "codigo" : 22,
  "numDescargas" : 6630,
  "nombre" : "app22e",
  "descripcion" : "app de redes sociales",
  "tamanyo" : 650.7006588635469
}, {
  "codigo" : 23,
  "numDescargas" : 23286,
  "nombre" : "app23j",
  "descripcion" : "app de calendario",
  "tamanyo" : 395.222314694895
}, {
  "codigo" : 24,
  "numDescargas" : 10191,
  "nombre" : "app24r",
  "descripcion" : "app de juego",
  "tamanyo" : 680.746513158331
}, {
  "codigo" : 25,
  "numDescargas" : 11446,
  "nombre" : "app25u",
  "descripcion" : "app de citas",
  "tamanyo" : 756.6006160520034
}, {
  "codigo" : 26,
  "numDescargas" : 27978,
  "nombre" : "app26o",
  "descripcion" : "app de calendario",
  "tamanyo" : 712.6042082056622
}, {
  "codigo" : 27,
  "numDescargas" : 18570,
  "nombre" : "app27W",
  "descripcion" : "app de citas",
  "tamanyo" : 919.6966626508005
}, {
  "codigo" : 28,
  "numDescargas" : 32652,
  "nombre" : "app28U",
  "descripcion" : "app de calculadora",
  "tamanyo" : 334.1216422474369
}, {
  "codigo" : 29,
  "numDescargas" : 22173,
  "nombre" : "app29Y",
  "descripcion" : "app de musica",
  "tamanyo" : 440.15377652441765
}, {
  "codigo" : 30,
  "numDescargas" : 19056,
  "nombre" : "app30k",
  "descripcion" : "app de imagenes",
  "tamanyo" : 596.7708163461408
}, {
  "codigo" : 31,
  "numDescargas" : 49262,
  "nombre" : "app31n",
  "descripcion" : "app de redes sociales",
  "tamanyo" : 427.74599521063203
}, {
  "codigo" : 32,
  "numDescargas" : 34996,
  "nombre" : "app32G",
  "descripcion" : "app de juego",
  "tamanyo" : 367.40688478516455
}, {
  "codigo" : 33,
  "numDescargas" : 46950,
  "nombre" : "app33d",
  "descripcion" : "app de calendario",
  "tamanyo" : 935.996041897284
}, {
  "codigo" : 34,
  "numDescargas" : 1478,
  "nombre" : "app34V",
  "descripcion" : "app de imagenes",
  "tamanyo" : 245.95448237784967
}, {
  "codigo" : 35,
  "numDescargas" : 6767,
  "nombre" : "app35x",
  "descripcion" : "app de calendario",
  "tamanyo" : 947.263793693605
}, {
  "codigo" : 36,
  "numDescargas" : 49501,
  "nombre" : "app36j",
  "descripcion" : "app de imagenes",
  "tamanyo" : 222.7335354301548
}, {
  "codigo" : 37,
  "numDescargas" : 981,
  "nombre" : "app37S",
  "descripcion" : "app de imagenes",
  "tamanyo" : 896.4959077050962
}, {
  "codigo" : 38,
  "numDescargas" : 47436,
  "nombre" : "app38Q",
  "descripcion" : "app de citas",
  "tamanyo" : 324.30116118215744
}, {
  "codigo" : 39,
  "numDescargas" : 31422,
  "nombre" : "app39s",
  "descripcion" : "app de imagenes",
  "tamanyo" : 229.2710808467361
}, {
  "codigo" : 40,
  "numDescargas" : 40627,
  "nombre" : "app40V",
  "descripcion" : "app de contactos",
  "tamanyo" : 454.16590736068497
}, {
  "codigo" : 41,
  "numDescargas" : 9784,
  "nombre" : "app41R",
  "descripcion" : "app de edicion",
  "tamanyo" : 874.1835663787558
}, {
  "codigo" : 42,
  "numDescargas" : 8990,
  "nombre" : "app42H",
  "descripcion" : "app de citas",
  "tamanyo" : 722.632278001915
}, {
  "codigo" : 43,
  "numDescargas" : 14733,
  "nombre" : "app43y",
  "descripcion" : "app de juego",
  "tamanyo" : 608.6297730732515
}, {
  "codigo" : 44,
  "numDescargas" : 21198,
  "nombre" : "app44u",
  "descripcion" : "app de edicion",
  "tamanyo" : 606.9363758145098
}, {
  "codigo" : 45,
  "numDescargas" : 20886,
  "nombre" : "app45E",
  "descripcion" : "app de citas",
  "tamanyo" : 456.0746759536512
}, {
  "codigo" : 46,
  "numDescargas" : 39134,
  "nombre" : "app46L",
  "descripcion" : "app de calculadora",
  "tamanyo" : 604.2338520794625
}, {
  "codigo" : 47,
  "numDescargas" : 42181,
  "nombre" : "app47M",
  "descripcion" : "app de redes sociales",
  "tamanyo" : 585.8868958960876
}, {
  "codigo" : 48,
  "numDescargas" : 36636,
  "nombre" : "app48W",
  "descripcion" : "app de calendario",
  "tamanyo" : 713.3203836934907
}, {
  "codigo" : 49,
  "numDescargas" : 27229,
  "nombre" : "app49N",
  "descripcion" : "app de contactos",
  "tamanyo" : 845.2800130841362
} ]