[ {
  "codigo" : 0,
  "numDescargas" : 44069,
  "nombre" : "app0w",
  "descripcion" : "app de imagenes",
  "tamanyo" : 657.4438523513069
}, {
  "codigo" : 1,
  "numDescargas" : 10337,
  "nombre" : "app1w",
  "descripcion" : "app de imagenes",
  "tamanyo" : 468.1631514276849
}, {
  "codigo" : 2,
  "numDescargas" : 3396,
  "nombre" : "app2A",
  "descripcion" : "app de musica",
  "tamanyo" : 652.3530163177783
}, {
  "codigo" : 3,
  "numDescargas" : 23040,
  "nombre" : "app3J",
  "descripcion" : "app de calculadora",
  "tamanyo" : 602.4203237654506
}, {
  "codigo" : 4,
  "numDescargas" : 44587,
  "nombre" : "app4B",
  "descripcion" : "app de citas",
  "tamanyo" : 296.4045771171411
}, {
  "codigo" : 5,
  "numDescargas" : 22597,
  "nombre" : "app5z",
  "descripcion" : "app de imagenes",
  "tamanyo" : 763.6571675821606
}, {
  "codigo" : 6,
  "numDescargas" : 7207,
  "nombre" : "app6i",
  "descripcion" : "app de citas",
  "tamanyo" : 1007.1929225697818
}, {
  "codigo" : 7,
  "numDescargas" : 34897,
  "nombre" : "app7Q",
  "descripcion" : "app de edicion",
  "tamanyo" : 496.88446383925066
}, {
  "codigo" : 8,
  "numDescargas" : 19272,
  "nombre" : "app8J",
  "descripcion" : "app de calendario",
  "tamanyo" : 441.1881673603173
}, {
  "codigo" : 9,
  "numDescargas" : 36166,
  "nombre" : "app9I",
  "descripcion" : "app de juego",
  "tamanyo" : 593.9178756066293
}, {
  "codigo" : 10,
  "numDescargas" : 21179,
  "nombre" : "app10N",
  "descripcion" : "app de calculadora",
  "tamanyo" : 968.512358764566
}, {
  "codigo" : 11,
  "numDescargas" : 8768,
  "nombre" : "app11U",
  "descripcion" : "app de imagenes",
  "tamanyo" : 816.5529148177019
}, {
  "codigo" : 12,
  "numDescargas" : 19080,
  "nombre" : "app12x",
  "descripcion" : "app de imagenes",
  "tamanyo" : 588.8237507665319
}, {
  "codigo" : 13,
  "numDescargas" : 30377,
  "nombre" : "app13F",
  "descripcion" : "app de redes sociales",
  "tamanyo" : 768.3115927282445
}, {
  "codigo" : 14,
  "numDescargas" : 29167,
  "nombre" : "app14u",
  "descripcion" : "app de edicion",
  "tamanyo" : 482.47623808896384
}, {
  "codigo" : 15,
  "numDescargas" : 43275,
  "nombre" : "app15W",
  "descripcion" : "app de imagenes",
  "tamanyo" : 523.9123484568784
}, {
  "codigo" : 16,
  "numDescargas" : 9623,
  "nombre" : "app16H",
  "descripcion" : "app de juego",
  "tamanyo" : 205.2089289105623
}, {
  "codigo" : 17,
  "numDescargas" : 26248,
  "nombre" : "app17n",
  "descripcion" : "app de calculadora",
  "tamanyo" : 820.5228430393745
}, {
  "codigo" : 18,
  "numDescargas" : 12139,
  "nombre" : "app18s",
  "descripcion" : "app de edicion",
  "tamanyo" : 933.9160303502673
}, {
  "codigo" : 19,
  "numDescargas" : 44521,
  "nombre" : "app19e",
  "descripcion" : "app de edicion",
  "tamanyo" : 302.57793048189467
}, {
  "codigo" : 20,
  "numDescargas" : 10805,
  "nombre" : "app20e",
  "descripcion" : "app de edicion",
  "tamanyo" : 1010.2244458558265
}, {
  "codigo" : 21,
  "numDescargas" : 43109,
  "nombre" : "app21u",
  "descripcion" : "app de contactos",
  "tamanyo" : 250.09924289407562
}, {
  "codigo" : 22,
  "numDescargas" : 7224,
  "nombre" : "app22W",
  "descripcion" : "app de redes sociales",
  "tamanyo" : 812.1728117425479
}, {
  "codigo" : 23,
  "numDescargas" : 22749,
  "nombre" : "app23l",
  "descripcion" : "app de musica",
  "tamanyo" : 203.85682348665824
}, {
  "codigo" : 24,
  "numDescargas" : 39022,
  "nombre" : "app24V",
  "descripcion" : "app de calculadora",
  "tamanyo" : 827.7857283186614
}, {
  "codigo" : 25,
  "numDescargas" : 47153,
  "nombre" : "app25Q",
  "descripcion" : "app de calendario",
  "tamanyo" : 498.616922557651
}, {
  "codigo" : 26,
  "numDescargas" : 25451,
  "nombre" : "app26W",
  "descripcion" : "app de edicion",
  "tamanyo" : 277.8954284429839
}, {
  "codigo" : 27,
  "numDescargas" : 29439,
  "nombre" : "app27z",
  "descripcion" : "app de imagenes",
  "tamanyo" : 555.6771087651598
}, {
  "codigo" : 28,
  "numDescargas" : 9496,
  "nombre" : "app28l",
  "descripcion" : "app de calendario",
  "tamanyo" : 902.7945633735769
}, {
  "codigo" : 29,
  "numDescargas" : 22384,
  "nombre" : "app29F",
  "descripcion" : "app de redes sociales",
  "tamanyo" : 987.8645057826717
}, {
  "codigo" : 30,
  "numDescargas" : 9005,
  "nombre" : "app30X",
  "descripcion" : "app de imagenes",
  "tamanyo" : 871.0834161310989
}, {
  "codigo" : 31,
  "numDescargas" : 42956,
  "nombre" : "app31N",
  "descripcion" : "app de juego",
  "tamanyo" : 317.05422005020046
}, {
  "codigo" : 32,
  "numDescargas" : 47249,
  "nombre" : "app32R",
  "descripcion" : "app de calculadora",
  "tamanyo" : 868.7726470726195
}, {
  "codigo" : 33,
  "numDescargas" : 42401,
  "nombre" : "app33O",
  "descripcion" : "app de imagenes",
  "tamanyo" : 783.7554211937559
}, {
  "codigo" : 34,
  "numDescargas" : 42734,
  "nombre" : "app34l",
  "descripcion" : "app de edicion",
  "tamanyo" : 739.5338355653481
}, {
  "codigo" : 35,
  "numDescargas" : 46306,
  "nombre" : "app35p",
  "descripcion" : "app de edicion",
  "tamanyo" : 896.4054119446894
}, {
  "codigo" : 36,
  "numDescargas" : 38434,
  "nombre" : "app36T",
  "descripcion" : "app de redes sociales",
  "tamanyo" : 414.3780711628073
}, {
  "codigo" : 37,
  "numDescargas" : 28921,
  "nombre" : "app37u",
  "descripcion" : "app de contactos",
  "tamanyo" : 568.1989798311317
}, {
  "codigo" : 38,
  "numDescargas" : 10190,
  "nombre" : "app38H",
  "descripcion" : "app de calendario",
  "tamanyo" : 272.09634388494624
}, {
  "codigo" : 39,
  "numDescargas" : 17221,
  "nombre" : "app39Q",
  "descripcion" : "app de redes sociales",
  "tamanyo" : 167.61604662565654
}, {
  "codigo" : 40,
  "numDescargas" : 8358,
  "nombre" : "app40g",
  "descripcion" : "app de redes sociales",
  "tamanyo" : 500.0957737682645
}, {
  "codigo" : 41,
  "numDescargas" : 34560,
  "nombre" : "app41v",
  "descripcion" : "app de redes sociales",
  "tamanyo" : 205.5151690964388
}, {
  "codigo" : 42,
  "numDescargas" : 29894,
  "nombre" : "app42k",
  "descripcion" : "app de musica",
  "tamanyo" : 802.1182263499054
}, {
  "codigo" : 43,
  "numDescargas" : 7413,
  "nombre" : "app43L",
  "descripcion" : "app de juego",
  "tamanyo" : 830.7818916506528
}, {
  "codigo" : 44,
  "numDescargas" : 24146,
  "nombre" : "app44n",
  "descripcion" : "app de imagenes",
  "tamanyo" : 111.24394786466047
}, {
  "codigo" : 45,
  "numDescargas" : 36226,
  "nombre" : "app45s",
  "descripcion" : "app de calendario",
  "tamanyo" : 583.678703463496
}, {
  "codigo" : 46,
  "numDescargas" : 49822,
  "nombre" : "app46a",
  "descripcion" : "app de imagenes",
  "tamanyo" : 273.0098540222865
}, {
  "codigo" : 47,
  "numDescargas" : 29411,
  "nombre" : "app47n",
  "descripcion" : "app de redes sociales",
  "tamanyo" : 196.88259581477826
}, {
  "codigo" : 48,
  "numDescargas" : 26624,
  "nombre" : "app48o",
  "descripcion" : "app de calendario",
  "tamanyo" : 356.5181930975956
}, {
  "codigo" : 49,
  "numDescargas" : 3268,
  "nombre" : "app49L",
  "descripcion" : "app de citas",
  "tamanyo" : 198.33357679026574
} ]